INSERT INTO TB_COZINHA (ID, NOME) VALUES (1, 'Tailandesa');
INSERT INTO TB_COZINHA (ID, NOME) VALUES (2, 'Indiana');
INSERT INTO TB_COZINHA (ID, NOME) VALUES (3, 'Chinesa');

INSERT INTO TB_ESTADO (ID, NOME) VALUES (1, 'Pernambuco');
INSERT INTO TB_ESTADO (ID, NOME) VALUES (2, 'São Paulo');
INSERT INTO TB_ESTADO (ID, NOME) VALUES (3, 'Acre');
INSERT INTO TB_ESTADO (ID, NOME) VALUES (4, 'Amapá');

INSERT INTO TB_CIDADE (ID, NOME, ESTADO_ID) VALUES (1, 'Recife', 1);
INSERT INTO TB_CIDADE (ID, NOME, ESTADO_ID) VALUES (2, 'São Paulo', 2);

INSERT INTO TB_RESTAURANTE (NOME, TAXA_FRETE, COZINHA_ID, DATA_CADASTRO, DATA_ATUALIZACAO, ENDERECO_CIDADE_ID, ENDERECO_CEP, ENDERECO_LOGRADOURO, ENDERECO_NUMERO, ENDERECO_BAIRRO) VALUES ('China in Box', 100.0, 1, UTC_TIMESTAMP, UTC_TIMESTAMP, 1, "50751-567", "Rua Itapemirim", "2209", "Chovena");
INSERT INTO TB_RESTAURANTE (NOME, TAXA_FRETE, COZINHA_ID, DATA_CADASTRO, DATA_ATUALIZACAO) VALUES ('Coowok', 50.0, 1, UTC_TIMESTAMP, UTC_TIMESTAMP);
INSERT INTO TB_RESTAURANTE (NOME, TAXA_FRETE, COZINHA_ID, DATA_CADASTRO, DATA_ATUALIZACAO) VALUES ('Matuto', 150.0, 2, UTC_TIMESTAMP, UTC_TIMESTAMP);
INSERT INTO TB_RESTAURANTE (NOME, TAXA_FRETE, COZINHA_ID, DATA_CADASTRO, DATA_ATUALIZACAO) VALUES ('Haiako', 0.0, 1, UTC_TIMESTAMP, UTC_TIMESTAMP);

INSERT INTO TB_FORMA_PAGAMENTO (ID, DESCRICAO) VALUES (1, 'Cartão de Credito');
INSERT INTO TB_FORMA_PAGAMENTO (ID, DESCRICAO) VALUES (2, 'Cartão de Debito');
INSERT INTO TB_FORMA_PAGAMENTO (ID, DESCRICAO) VALUES (3, 'Cheque');

INSERT INTO TB_PERMISSAO (ID, NOME, DESCRICAO) VALUES (1, 'Consultar', 'Permite consulta');
INSERT INTO TB_PERMISSAO (ID, NOME, DESCRICAO) VALUES (2, 'Incluir/Alterar', 'Permite inclusão e alteração');


INSERT INTO RESTAURANTE_FORMA_PAGAMENTO (RESTAURANTE_ID, FORMA_PAGAMENTO_ID) VALUES (1, 1), (1, 2), (1, 3), (2, 3), (3, 2), (3, 3);