
set sql_safe_updates = 0;

set foreign_key_checks = 0;

delete from tb_cidade;
delete from tb_cozinha;
delete from tb_estado;
delete from tb_forma_pagamento;
delete from tb_grupo;
delete from tb_grupo_permissao;
delete from tb_permissao;
delete from tb_produto;
delete from tb_restaurante;
delete from tb_restaurante_forma_pagamento;
delete from tb_usuario;
delete from tb_usuario_grupo;
delete from tb_restaurante_usuario_responsavel;
delete from tb_pedido;
delete from tb_item_pedido;
delete from tb_foto_produto;

set foreign_key_checks = 1;

alter table tb_cidade auto_increment = 1;
alter table tb_cozinha auto_increment = 1;
alter table tb_estado auto_increment = 1;
alter table tb_forma_pagamento auto_increment = 1;
alter table tb_grupo auto_increment = 1;
alter table tb_permissao auto_increment = 1;
alter table tb_produto auto_increment = 1;
alter table tb_restaurante auto_increment = 1;
alter table tb_usuario auto_increment = 1;
alter table tb_pedido auto_increment = 1;
alter table tb_item_pedido auto_increment = 1;

insert into tb_cozinha (id, nome) values (1, 'Tailandesa');
insert into tb_cozinha (id, nome) values (2, 'Indiana');
insert into tb_cozinha (id, nome) values (3, 'Chinesa');

insert into tb_estado (id, nome) values (1, 'Pernambuco');
insert into tb_estado (id, nome) values (2, 'São Paulo');
insert into tb_estado (id, nome) values (3, 'Acre');
insert into tb_estado (id, nome) values (4, 'Amapá');

insert into tb_cidade (id, nome, estado_id) values (1, 'Recife', 1);
insert into tb_cidade (id, nome, estado_id) values (2, 'São Paulo', 2);
insert into tb_cidade (id, nome, estado_id) values (3, 'Jaboatao dos Guararapes', 1);
insert into tb_cidade (id, nome, estado_id) values (4, 'Goiana', 1);

insert into tb_restaurante (id, nome, taxa_frete, cozinha_id, data_cadastro, data_atualizacao, ativo, aberto, endereco_cidade_id, endereco_cep, endereco_logradouro, endereco_numero, endereco_bairro) values (1, 'China in Box', 100.0, 1, UTC_TIMESTAMP, UTC_TIMESTAMP, true, true, 1, "50751-567", "Rua Itapemirim", "2209", "Chovena");
insert into tb_restaurante (id, nome, taxa_frete, cozinha_id, data_cadastro, data_atualizacao, ativo, aberto, endereco_cidade_id, endereco_cep, endereco_logradouro, endereco_numero, endereco_bairro) values (2, 'Coowok', 50.0, 1, UTC_TIMESTAMP, UTC_TIMESTAMP, true, true, 2, "50751-787", "Rua Tuktuk", "489", "Bongi");
insert into tb_restaurante (id, nome, taxa_frete, cozinha_id, data_cadastro, data_atualizacao, ativo, aberto, endereco_cidade_id, endereco_cep, endereco_logradouro, endereco_numero, endereco_bairro) values (3, 'Matuto', 150.0, 2, UTC_TIMESTAMP, UTC_TIMESTAMP, true, true, 3, "50781-567", "Rua Santos do Monte", "7897", "San Martin");
insert into tb_restaurante (id, nome, taxa_frete, cozinha_id, data_cadastro, data_atualizacao, ativo, aberto, endereco_cidade_id, endereco_cep, endereco_logradouro, endereco_numero, endereco_bairro) values (4, 'Haiako', 0.0, 1, UTC_TIMESTAMP, UTC_TIMESTAMP, true, true, 4, "50796-567", "Rua Lepo Lepo", "6695", "Jardim Sao Paulo");

insert into tb_forma_pagamento (id, descricao) values (1, 'Cartão de Credito');
insert into tb_forma_pagamento (id, descricao) values (2, 'Cartão de Debito');
insert into tb_forma_pagamento (id, descricao) values (3, 'Cheque');

insert into tb_permissao (id, nome, descricao) values (1, 'CONSULTAR_COZINHAS', 'Permite consultar cozinhas');
insert into tb_permissao (id, nome, descricao) values (2, 'EDITAR_COZINHAS', 'Permite editar cozinhas');

insert into tb_restaurante_forma_pagamento (restaurante_id, forma_pagamento_id) values (1, 1), (1, 2), (1, 3), (2, 3), (3, 2), (3, 3);

insert into tb_produto (nome, descricao, preco, ativo, restaurante_id) values ('Porco com molho agridoce', 'Deliciosa carne suína ao molho especial', 78.90, 0, 1);
insert into tb_produto (nome, descricao, preco, ativo, restaurante_id) values ('Camarão tailandês', '16 camarões grandes ao molho picante', 110, 1, 1);
insert into tb_produto (nome, descricao, preco, ativo, restaurante_id) values ('Salada picante com carne grelhada', 'Salada de folhas com cortes finos de carne bovina grelhada e nosso molho especial de pimenta vermelha', 87.20, 1, 2);
insert into tb_produto (nome, descricao, preco, ativo, restaurante_id) values ('Garlic Naan', 'Pão tradicional indiano com cobertura de alho', 21, 1, 3);
insert into tb_produto (nome, descricao, preco, ativo, restaurante_id) values ('Murg Curry', 'Cubos de frango preparados com molho curry e especiarias', 43, 1, 3);
insert into tb_produto (nome, descricao, preco, ativo, restaurante_id) values ('Bife Ancho', 'Corte macio e suculento, com dois dedos de espessura, retirado da parte dianteira do contrafilé', 79, 1, 4);
insert into tb_produto (nome, descricao, preco, ativo, restaurante_id) values ('T-Bone', 'Corte muito saboroso, com um osso em formato de T, sendo de um lado o contrafilé e do outro o filé mignon', 89, 1, 4);
insert into tb_produto (nome, descricao, preco, ativo, restaurante_id) values ('Sanduíche X-Tudo', 'Sandubão com muito queijo, hamburger bovino, bacon, ovo, salada e maionese', 19, 1, 4);
insert into tb_produto (nome, descricao, preco, ativo, restaurante_id) values ('Espetinho de Cupim', 'Acompanha farinha, mandioca e vinagrete', 8, 1, 4);

insert into tb_grupo (id, nome) values (1, 'Gerente'), (2, 'Vendedor'), (3, 'Secretária'), (4, 'Cadastrador');

insert into tb_grupo_permissao (grupo_id, permissao_id) values (1, 1), (1, 2), (2, 1), (2, 2), (3, 1); 

insert into tb_usuario (id, nome, email, senha, data_cadastro) values
(1, 'João da Silva', 'joao.ger@algafood.com', '123', utc_timestamp),
(2, 'Maria Joaquina', 'maria.vnd@algafood.com', '123', utc_timestamp),
(3, 'José Souza', 'jose.aux@algafood.com', '123', utc_timestamp),
(4, 'Sebastião Martins', 'sebastiao.cad@algafood.com', '123', utc_timestamp),
(5, 'Manoel Lima', 'manoel.loja@gmail.com', '123', utc_timestamp);

insert into tb_usuario_grupo (usuario_id, grupo_id) values (1, 1), (1, 2), (2, 2);

insert into tb_restaurante_usuario_responsavel (restaurante_id, usuario_id) values (1, 5), (3, 5);

insert into tb_pedido (id, codigo, restaurante_id, cliente_id, forma_pagamento_id, endereco_cidade_id, endereco_cep, 
                    endereco_logradouro, endereco_numero, endereco_complemento, endereco_bairro,
	                status, data_criacao, subtotal, taxa_frete, valor_total)
values (1, 'd384c3b2-5b45-11ea-8b6d-fc4596fb80e1', 1, 1, 1, 1, '38400-000', 'Rua Floriano Peixoto', '500', 'Apto 801', 'Brasil',
        'CRIADO', utc_timestamp, 298.90, 10, 308.90);

insert into tb_item_pedido (id, pedido_id, produto_id, quantidade, preco_unitario, preco_total, observacao)
values (1, 1, 1, 1, 78.9, 78.9, null);

insert into tb_item_pedido (id, pedido_id, produto_id, quantidade, preco_unitario, preco_total, observacao)
values (2, 1, 2, 2, 110, 220, 'Menos picante, por favor');


insert into tb_pedido (id, codigo, restaurante_id, cliente_id, forma_pagamento_id, endereco_cidade_id, endereco_cep, 
                    endereco_logradouro, endereco_numero, endereco_complemento, endereco_bairro,
	                status, data_criacao, subtotal, taxa_frete, valor_total)
values (2, 'be1c50b8-5b45-11ea-8b6d-fc4596fb80e1', 4, 1, 2, 1, '38400-111', 'Rua Acre', '300', 'Casa 2', 'Centro',
        'CRIADO', utc_timestamp, 79, 0, 79);

insert into tb_item_pedido (id, pedido_id, produto_id, quantidade, preco_unitario, preco_total, observacao)
values (3, 2, 6, 1, 79, 79, 'Ao ponto');


insert into tb_pedido (id, codigo, restaurante_id, cliente_id, forma_pagamento_id, endereco_cidade_id, endereco_cep, 
                    endereco_logradouro, endereco_numero, endereco_complemento, endereco_bairro,
	                status, data_criacao, data_confirmacao, data_entrega, subtotal, taxa_frete, valor_total)
values (3, 'b5741512-8fbc-47fa-9ac1-b530354fc0ff', 1, 1, 1, 1, '38400-222', 'Rua Natal', '200', null, 'Brasil',
        'ENTREGUE', '2019-10-30 21:10:00', '2019-10-30 21:10:45', '2019-10-30 21:55:44', 110, 10, 120);

insert into tb_item_pedido (id, pedido_id, produto_id, quantidade, preco_unitario, preco_total, observacao)
values (4, 3, 2, 1, 110, 110, null);


insert into tb_pedido (id, codigo, restaurante_id, cliente_id, forma_pagamento_id, endereco_cidade_id, endereco_cep, 
                    endereco_logradouro, endereco_numero, endereco_complemento, endereco_bairro,
	                status, data_criacao, data_confirmacao, data_entrega, subtotal, taxa_frete, valor_total)
values (4, '5c621c9a-ba61-4454-8631-8aabefe58dc2', 1, 2, 1, 1, '38400-800', 'Rua Fortaleza', '900', 'Apto 504', 'Centro',
        'ENTREGUE', '2019-11-02 20:34:04', '2019-11-02 20:35:10', '2019-11-02 21:10:32', 174.4, 5, 179.4);

insert into tb_item_pedido (id, pedido_id, produto_id, quantidade, preco_unitario, preco_total, observacao)
values (5, 4, 3, 2, 87.2, 174.4, null);


insert into tb_pedido (id, codigo, restaurante_id, cliente_id, forma_pagamento_id, endereco_cidade_id, endereco_cep, 
                    endereco_logradouro, endereco_numero, endereco_complemento, endereco_bairro,
	                status, data_criacao, data_confirmacao, data_entrega, subtotal, taxa_frete, valor_total)
values (5, '8d774bcf-b238-42f3-aef1-5fb388754d63', 1, 3, 2, 1, '38400-200', 'Rua 10', '930', 'Casa 20', 'Martins',
        'ENTREGUE', '2019-11-03 02:00:30', '2019-11-02 21:01:21', '2019-11-02 21:20:10', 87.2, 10, 97.2);

insert into tb_item_pedido (id, pedido_id, produto_id, quantidade, preco_unitario, preco_total, observacao)
values (6, 5, 3, 1, 87.2, 87.2, null);